{"cameraMode":{"drawMode":0,"name":"Shaded","section":"Shading Mode"},"sceneLighting":true,"audioPlay":false,"sceneViewState":{"showFog":true,"showMaterialUpdate":false,"showSkybox":true,"showFlares":true,"showImageEffects":true,"showParticleSystems":true},"in2DMode":false,"pivot":{"x":124.55502319335938,"y":67.8678207397461,"z":-85.24925994873047},"rotation":{"x":-0.1757512390613556,"y":0.08317152410745621,"z":-0.014903657138347626,"w":-0.9808013439178467},"size":13.832395553588868,"orthographic":false}