{"cameraMode":{"drawMode":0,"name":"Shaded","section":"Shading Mode"},"sceneLighting":true,"audioPlay":false,"sceneViewState":{"showFog":true,"showMaterialUpdate":false,"showSkybox":true,"showFlares":true,"showImageEffects":true,"showParticleSystems":true},"in2DMode":false,"pivot":{"x":110.06185913085938,"y":-99.46874237060547,"z":123.63195037841797},"rotation":{"x":-0.46434521675109866,"y":-0.08109565079212189,"z":0.04275375232100487,"w":-0.8809064030647278},"size":249.1875,"orthographic":false}