{"cameraMode":{"drawMode":0,"name":"Shaded","section":"Shading Mode"},"sceneLighting":false,"audioPlay":false,"sceneViewState":{"showFog":true,"showMaterialUpdate":false,"showSkybox":false,"showFlares":true,"showImageEffects":true,"showParticleSystems":true},"in2DMode":false,"pivot":{"x":106.81952667236328,"y":14.84391975402832,"z":45.83118438720703},"rotation":{"x":0.398971289396286,"y":0.004126397892832756,"z":-0.0017952799098566175,"w":0.9169549942016602},"size":203.26531982421876,"orthographic":false}