{"cameraMode":{"drawMode":0,"name":"Shaded","section":"Shading Mode"},"sceneLighting":true,"audioPlay":false,"sceneViewState":{"showFog":true,"showMaterialUpdate":false,"showSkybox":true,"showFlares":true,"showImageEffects":true,"showParticleSystems":true},"in2DMode":false,"pivot":{"x":63.684288024902347,"y":-5.655905723571777,"z":61.504547119140628},"rotation":{"x":-0.28594186902046206,"y":0.02758713997900486,"z":-0.008245893754065037,"w":-0.9578230381011963},"size":135.5066680908203,"orthographic":false}