{"cameraMode":{"drawMode":0,"name":"Shaded","section":"Shading Mode"},"sceneLighting":true,"audioPlay":false,"sceneViewState":{"showFog":true,"showMaterialUpdate":false,"showSkybox":true,"showFlares":true,"showImageEffects":true,"showParticleSystems":true},"in2DMode":false,"pivot":{"x":43.36025619506836,"y":8.137430191040039,"z":35.085487365722659},"rotation":{"x":0.3132327198982239,"y":-0.07028335332870484,"z":0.023260362446308137,"w":0.9468069076538086},"size":187.52178955078126,"orthographic":false}